Audit_ID,Unit,SOP_Code,SOP_Name,Compliance_Status,Audit_Date,Notes
A0001,HRD,SOP-03,Penanganan Keluhan,Compliant,2025-05-08,
A0002,Warehouse,SOP-05,Promosi Diskon,Compliant,2025-05-28,
A0003,HRD,SOP-03,Penanganan Keluhan,,2025-05-15,Iklan belum disetujui manajer
A0004,Marketing,SOP-02,Proses Retur,Non-Compliant,2025-05-20,Tidak ada bukti dokumen
A0005,Warehouse,SOP-02,Proses Retur,Compliant,2025-05-02,SOP tidak ditemukan
A0006,Marketing,SOP-04,Laporan Kinerja,Non Compliant,2025-05-09,Form tidak lengkap
A0007,Marketing,SOP-02,Proses Retur,Compliant,2025-05-03,Tidak ada bukti dokumen
A0008,Customer Service,SOP-01,Barang Masuk,Non-Compliant,2025-05-23,
A0009,HRD,SOP-05,Promosi Diskon,Compliant,2025-05-08,
A0010,Marketing,SOP-03,Penanganan Keluhan,Compliant,2025-05-06,Iklan belum disetujui manajer
A0011,Finance,SOP-05,Promosi Diskon,Compliant,2025-05-28,Iklan belum disetujui manajer
A0012,HRD,SOP-05,Promosi Diskon,Non-Compliant,2025-05-02,Form tidak lengkap
A0013,Warehouse,SOP-01,Barang Masuk,Compliant,2025-05-09,Tidak ada form pengecekan masuk
A0014,Finance,SOP-03,Penanganan Keluhan,Non Compliant,2025-05-31,Tidak ada form pengecekan masuk
A0015,HRD,SOP-05,Promosi Diskon,Compliant,2025-05-02,Iklan belum disetujui manajer
A0016,Finance,SOP-02,Proses Retur,Non-Compliant,2025-05-20,SOP tidak ditemukan
A0017,Warehouse,SOP-05,Promosi Diskon,Non-Compliant,2025-05-02,Tidak ada bukti dokumen
A0018,Finance,SOP-05,Promosi Diskon,Non-Compliant,2025-05-25,
A0019,Finance,SOP-05,Promosi Diskon,Non-Compliant,2025-05-31,
A0020,HRD,SOP-03,Penanganan Keluhan,Non-Compliant,2025-05-23,
A0021,Finance,SOP-01,Barang Masuk,Non-Compliant,2025-05-28,Iklan belum disetujui manajer
A0022,Marketing,SOP-05,Promosi Diskon,Non-Compliant,2025-05-12,Tidak ada bukti dokumen
A0023,Warehouse,SOP-04,Laporan Kinerja,Non-Compliant,2025-05-04,
A0024,Marketing,SOP-05,Promosi Diskon,Non Compliant,2025-05-14,-
A0025,Finance,SOP-02,Proses Retur,Compliant,2025-05-06,-
A0026,Marketing,SOP-02,Proses Retur,complient,2025-05-18,-
A0027,Finance,SOP-05,Promosi Diskon,Non-Compliant,2025-05-23,-
A0028,Customer Service,SOP-05,Promosi Diskon,complient,2025-05-15,Form tidak lengkap
A0029,Marketing,SOP-01,Barang Masuk,Non-Compliant,2025-05-12,
A0030,Marketing,SOP-01,Barang Masuk,Compliant,2025-05-18,Tidak ada form pengecekan masuk
A0031,Warehouse,SOP-04,Laporan Kinerja,Non-Compliant,2025-05-15,Tidak ada form pengecekan masuk
A0032,Customer Service,SOP-04,Laporan Kinerja,Compliant,2025-05-22,
A0033,Customer Service,SOP-01,Barang Masuk,,2025-05-14,SOP tidak ditemukan
A0034,Marketing,SOP-03,Penanganan Keluhan,Compliant,2025-05-03,
A0035,Warehouse,SOP-04,Laporan Kinerja,Non-Compliant,2025-05-22,SOP tidak ditemukan
A0036,Marketing,SOP-03,Penanganan Keluhan,Compliant,2025-05-10,Tidak ada bukti dokumen
A0037,Customer Service,SOP-02,Proses Retur,Compliant,2025-05-02,
A0038,HRD,SOP-02,Proses Retur,Compliant,2025-05-14,-
A0039,Finance,SOP-01,Barang Masuk,Compliant,2025-05-24,SOP tidak ditemukan
A0040,HRD,SOP-03,Penanganan Keluhan,Non-Compliant,2025-05-11,Tidak ada bukti dokumen
A0041,Warehouse,SOP-03,Penanganan Keluhan,Compliant,2025-05-07,-
A0042,Customer Service,SOP-02,Proses Retur,Compliant,2025-05-25,Tidak ada bukti dokumen
A0043,HRD,SOP-03,Penanganan Keluhan,Compliant,2025-05-05,-
A0044,Marketing,SOP-04,Laporan Kinerja,Compliant,2025-05-27,Tidak ada bukti dokumen
A0045,Finance,SOP-03,Penanganan Keluhan,complient,2025-05-22,SOP tidak ditemukan
A0046,Customer Service,SOP-02,Proses Retur,Compliant,2025-05-03,Tidak ada bukti dokumen
A0047,Warehouse,SOP-04,Laporan Kinerja,Non-Compliant,2025-05-29,Form tidak lengkap
A0048,HRD,SOP-01,Barang Masuk,Compliant,2025-05-11,
A0049,HRD,SOP-04,Laporan Kinerja,Non-Compliant,2025-05-04,Iklan belum disetujui manajer
A0050,Customer Service,SOP-01,Barang Masuk,Compliant,2025-05-12,Iklan belum disetujui manajer
A0051,Marketing,SOP-04,Laporan Kinerja,Compliant,2025-05-27,Iklan belum disetujui manajer
A0052,Customer Service,SOP-05,Promosi Diskon,Compliant,2025-05-05,Iklan belum disetujui manajer
A0053,Marketing,SOP-02,Proses Retur,complient,2025-05-22,
A0054,HRD,SOP-03,Penanganan Keluhan,Compliant,2025-05-07,Tidak ada bukti dokumen
A0055,Customer Service,SOP-03,Penanganan Keluhan,Compliant,2025-05-18,Tidak ada form pengecekan masuk
A0056,Customer Service,SOP-03,Penanganan Keluhan,Compliant,2025-05-28,Form tidak lengkap
A0057,Customer Service,SOP-02,Proses Retur,Non-Compliant,2025-05-13,
A0058,Warehouse,SOP-02,Proses Retur,Non-Compliant,2025-05-29,-
A0059,Finance,SOP-02,Proses Retur,Compliant,2025-05-05,-
A0060,Marketing,SOP-01,Barang Masuk,Compliant,2025-05-19,Tidak ada form pengecekan masuk
A0061,Marketing,SOP-03,Penanganan Keluhan,Compliant,2025-05-06,
A0062,Finance,SOP-03,Penanganan Keluhan,Non-Compliant,2025-05-23,Form tidak lengkap
A0063,HRD,SOP-05,Promosi Diskon,complient,2025-05-07,
A0064,Warehouse,SOP-05,Promosi Diskon,Compliant,2025-05-21,Tidak ada form pengecekan masuk
A0065,Warehouse,SOP-02,Proses Retur,Compliant,2025-05-28,Tidak ada bukti dokumen
A0066,Customer Service,SOP-02,Proses Retur,Compliant,2025-05-06,Iklan belum disetujui manajer
A0067,HRD,SOP-03,Penanganan Keluhan,complient,2025-05-15,
A0068,Warehouse,SOP-02,Proses Retur,Non-Compliant,2025-05-15,
A0069,Marketing,SOP-01,Barang Masuk,Compliant,2025-05-19,SOP tidak ditemukan
A0070,HRD,SOP-03,Penanganan Keluhan,Non-Compliant,2025-05-09,Iklan belum disetujui manajer
A0071,Finance,SOP-04,Laporan Kinerja,Non-Compliant,2025-05-09,Iklan belum disetujui manajer
A0072,Warehouse,SOP-04,Laporan Kinerja,Compliant,2025-05-23,
A0073,Finance,SOP-03,Penanganan Keluhan,Non-Compliant,2025-05-28,Tidak ada bukti dokumen
A0074,Finance,SOP-05,Promosi Diskon,Compliant,2025-05-10,-
A0075,Finance,SOP-05,Promosi Diskon,Non-Compliant,2025-05-09,
A0076,Warehouse,SOP-01,Barang Masuk,Compliant,2025-05-12,-
A0077,Customer Service,SOP-01,Barang Masuk,Compliant,2025-05-07,
A0078,HRD,SOP-05,Promosi Diskon,Compliant,2025-05-25,
A0079,Finance,SOP-04,Laporan Kinerja,Compliant,2025-05-16,Form tidak lengkap
A0080,Finance,SOP-03,Penanganan Keluhan,Compliant,2025-05-04,-
A0081,Marketing,SOP-01,Barang Masuk,Compliant,2025-05-17,Iklan belum disetujui manajer
A0082,Finance,SOP-02,Proses Retur,Compliant,2025-05-30,Tidak ada form pengecekan masuk
A0083,Marketing,SOP-05,Promosi Diskon,Compliant,2025-05-04,SOP tidak ditemukan
A0084,Customer Service,SOP-05,Promosi Diskon,Compliant,2025-05-17,Iklan belum disetujui manajer
A0085,Customer Service,SOP-02,Proses Retur,Compliant,2025-05-28,-
A0086,Finance,SOP-04,Laporan Kinerja,Compliant,2025-05-26,Tidak ada bukti dokumen
A0087,Warehouse,SOP-04,Laporan Kinerja,Non-Compliant,2025-05-13,Tidak ada bukti dokumen
A0088,HRD,SOP-02,Proses Retur,Non-Compliant,2025-05-25,Form tidak lengkap
A0089,Warehouse,SOP-02,Proses Retur,Compliant,2025-05-20,Iklan belum disetujui manajer
A0090,Finance,SOP-03,Penanganan Keluhan,Non-Compliant,2025-05-25,Form tidak lengkap
A0091,Warehouse,SOP-04,Laporan Kinerja,Compliant,2025-05-19,Form tidak lengkap
A0092,HRD,SOP-05,Promosi Diskon,Compliant,2025-05-03,-
A0093,Finance,SOP-01,Barang Masuk,Compliant,2025-05-20,Tidak ada form pengecekan masuk
A0094,Marketing,SOP-05,Promosi Diskon,Compliant,2025-05-20,
A0095,Marketing,SOP-05,Promosi Diskon,Compliant,2025-05-24,Tidak ada form pengecekan masuk
A0096,Finance,SOP-01,Barang Masuk,Compliant,2025-05-18,Form tidak lengkap
A0097,Finance,SOP-01,Barang Masuk,Compliant,2025-05-07,Tidak ada bukti dokumen
A0098,HRD,SOP-04,Laporan Kinerja,Compliant,2025-05-03,-
A0099,HRD,SOP-04,Laporan Kinerja,Compliant,2025-05-01,-
A0100,Finance,SOP-02,Proses Retur,Compliant,2025-05-22,Iklan belum disetujui manajer
A0101,HRD,SOP-04,Laporan Kinerja,Compliant,2025-05-20,Iklan belum disetujui manajer
A0102,Marketing,SOP-03,Penanganan Keluhan,Compliant,2025-05-29,Iklan belum disetujui manajer
A0103,Marketing,SOP-03,Penanganan Keluhan,Non-Compliant,2025-05-10,SOP tidak ditemukan
A0104,Finance,SOP-01,Barang Masuk,Non-Compliant,2025-05-02,-
A0105,HRD,SOP-02,Proses Retur,,2025-05-04,Tidak ada bukti dokumen
A0106,Warehouse,SOP-02,Proses Retur,Compliant,2025-05-14,Form tidak lengkap
A0107,HRD,SOP-03,Penanganan Keluhan,Compliant,2025-05-12,Tidak ada bukti dokumen
A0108,Customer Service,SOP-02,Proses Retur,Non-Compliant,2025-05-02,-
A0109,Finance,SOP-02,Proses Retur,Compliant,2025-05-30,Tidak ada bukti dokumen
A0110,Marketing,SOP-03,Penanganan Keluhan,Non-Compliant,2025-05-04,Form tidak lengkap
A0111,Warehouse,SOP-05,Promosi Diskon,Non-Compliant,2025-05-24,Iklan belum disetujui manajer
A0112,Customer Service,SOP-04,Laporan Kinerja,Compliant,2025-05-10,
A0113,Warehouse,SOP-05,Promosi Diskon,Compliant,2025-05-26,SOP tidak ditemukan
A0114,HRD,SOP-03,Penanganan Keluhan,Compliant,2025-05-02,Iklan belum disetujui manajer
A0115,Customer Service,SOP-02,Proses Retur,Compliant,2025-05-08,Tidak ada bukti dokumen
A0116,Finance,SOP-02,Proses Retur,Compliant,2025-05-25,Iklan belum disetujui manajer
A0117,Finance,SOP-02,Proses Retur,Compliant,2025-05-11,Tidak ada bukti dokumen
A0118,Customer Service,SOP-05,Promosi Diskon,Compliant,2025-05-16,-
A0119,Marketing,SOP-02,Proses Retur,Compliant,2025-05-24,Form tidak lengkap
A0120,Warehouse,SOP-05,Promosi Diskon,Non-Compliant,2025-05-18,Form tidak lengkap
A0121,Marketing,SOP-01,Barang Masuk,Non-Compliant,2025-05-11,-
A0122,HRD,SOP-04,Laporan Kinerja,Compliant,2025-05-29,Tidak ada bukti dokumen
A0123,Finance,SOP-05,Promosi Diskon,Compliant,2025-05-22,Form tidak lengkap
A0124,Finance,SOP-05,Promosi Diskon,Compliant,2025-05-01,Tidak ada form pengecekan masuk
A0125,Warehouse,SOP-03,Penanganan Keluhan,Compliant,2025-05-28,
A0126,HRD,SOP-03,Penanganan Keluhan,Non-Compliant,2025-05-09,Tidak ada bukti dokumen
A0127,Marketing,SOP-01,Barang Masuk,Non-Compliant,2025-05-31,Tidak ada form pengecekan masuk
A0128,HRD,SOP-05,Promosi Diskon,Compliant,2025-05-21,SOP tidak ditemukan
A0129,Warehouse,SOP-01,Barang Masuk,Non-Compliant,2025-05-06,Tidak ada form pengecekan masuk
A0130,Finance,SOP-03,Penanganan Keluhan,Compliant,2025-05-01,Tidak ada bukti dokumen
A0131,Customer Service,SOP-03,Penanganan Keluhan,Non-Compliant,2025-05-08,Tidak ada bukti dokumen
A0132,Marketing,SOP-04,Laporan Kinerja,Non-Compliant,2025-05-19,SOP tidak ditemukan
A0133,Warehouse,SOP-01,Barang Masuk,Non Compliant,2025-05-15,Form tidak lengkap
A0134,Finance,SOP-04,Laporan Kinerja,Compliant,2025-05-26,Tidak ada form pengecekan masuk
A0135,Finance,SOP-02,Proses Retur,Compliant,2025-05-10,SOP tidak ditemukan
A0136,Marketing,SOP-05,Promosi Diskon,Compliant,2025-05-11,Form tidak lengkap
A0137,Marketing,SOP-03,Penanganan Keluhan,Compliant,2025-05-23,
A0138,Marketing,SOP-02,Proses Retur,Compliant,2025-05-16,Form tidak lengkap
A0139,HRD,SOP-01,Barang Masuk,Non-Compliant,2025-05-01,Iklan belum disetujui manajer
A0140,Marketing,SOP-02,Proses Retur,Non-Compliant,2025-05-27,Tidak ada form pengecekan masuk
A0141,HRD,SOP-02,Proses Retur,Non-Compliant,2025-05-16,SOP tidak ditemukan
A0142,Marketing,SOP-02,Proses Retur,Compliant,2025-05-02,
A0143,Finance,SOP-03,Penanganan Keluhan,Compliant,2025-05-08,Tidak ada bukti dokumen
A0144,Customer Service,SOP-01,Barang Masuk,Compliant,2025-05-02,Iklan belum disetujui manajer
A0145,Marketing,SOP-05,Promosi Diskon,Non-Compliant,2025-05-23,Tidak ada form pengecekan masuk
A0146,Marketing,SOP-01,Barang Masuk,Compliant,2025-05-28,Tidak ada bukti dokumen
A0147,Warehouse,SOP-01,Barang Masuk,Compliant,2025-05-29,
A0148,Warehouse,SOP-01,Barang Masuk,Compliant,2025-05-19,
A0149,Marketing,SOP-01,Barang Masuk,Compliant,2025-05-30,Form tidak lengkap
A0150,HRD,SOP-05,Promosi Diskon,,2025-05-16,SOP tidak ditemukan
A0151,Finance,SOP-05,Promosi Diskon,Non-Compliant,2025-05-15,Tidak ada form pengecekan masuk
A0152,Finance,SOP-04,Laporan Kinerja,Compliant,2025-05-17,Tidak ada bukti dokumen
A0153,Customer Service,SOP-01,Barang Masuk,,2025-05-03,SOP tidak ditemukan
A0154,Warehouse,SOP-03,Penanganan Keluhan,Compliant,2025-05-26,Iklan belum disetujui manajer
A0155,Marketing,SOP-04,Laporan Kinerja,Non-Compliant,2025-05-25,SOP tidak ditemukan
A0156,Warehouse,SOP-03,Penanganan Keluhan,Non-Compliant,2025-05-28,-
A0157,Warehouse,SOP-01,Barang Masuk,Compliant,2025-05-04,-
A0158,Marketing,SOP-03,Penanganan Keluhan,Compliant,2025-05-23,Iklan belum disetujui manajer
A0159,Customer Service,SOP-01,Barang Masuk,Non-Compliant,2025-05-14,Tidak ada bukti dokumen
A0160,Customer Service,SOP-02,Proses Retur,Compliant,2025-05-13,
A0161,Customer Service,SOP-03,Penanganan Keluhan,Non-Compliant,2025-05-31,
A0162,Customer Service,SOP-01,Barang Masuk,Non-Compliant,2025-05-22,Iklan belum disetujui manajer
A0163,Marketing,SOP-02,Proses Retur,Compliant,2025-05-31,
A0164,Marketing,SOP-04,Laporan Kinerja,Compliant,2025-05-10,
A0165,Marketing,SOP-03,Penanganan Keluhan,Compliant,2025-05-26,Form tidak lengkap
A0166,Customer Service,SOP-02,Proses Retur,Non-Compliant,2025-05-20,SOP tidak ditemukan
A0167,HRD,SOP-02,Proses Retur,Compliant,2025-05-29,-
A0168,Marketing,SOP-02,Proses Retur,Compliant,2025-05-01,Iklan belum disetujui manajer
A0169,Finance,SOP-01,Barang Masuk,Compliant,2025-05-22,SOP tidak ditemukan
A0170,Customer Service,SOP-02,Proses Retur,Non-Compliant,2025-05-10,Tidak ada form pengecekan masuk
A0171,Warehouse,SOP-03,Penanganan Keluhan,Compliant,2025-05-30,Tidak ada form pengecekan masuk
A0172,Warehouse,SOP-02,Proses Retur,Compliant,2025-05-18,Iklan belum disetujui manajer
A0173,Finance,SOP-05,Promosi Diskon,Compliant,2025-05-27,SOP tidak ditemukan
A0174,Customer Service,SOP-03,Penanganan Keluhan,Compliant,2025-05-12,SOP tidak ditemukan
A0175,Marketing,SOP-04,Laporan Kinerja,Compliant,2025-05-04,
A0176,Customer Service,SOP-01,Barang Masuk,Compliant,2025-05-07,Tidak ada bukti dokumen
A0177,HRD,SOP-04,Laporan Kinerja,,2025-05-12,SOP tidak ditemukan
A0178,Finance,SOP-03,Penanganan Keluhan,Non Compliant,2025-05-24,Tidak ada form pengecekan masuk
A0179,Marketing,SOP-02,Proses Retur,Compliant,2025-05-17,
A0180,HRD,SOP-02,Proses Retur,Compliant,2025-05-13,Form tidak lengkap
A0181,Warehouse,SOP-01,Barang Masuk,complient,2025-05-16,Iklan belum disetujui manajer
A0182,HRD,SOP-02,Proses Retur,Compliant,2025-05-18,
A0183,HRD,SOP-02,Proses Retur,Compliant,2025-05-21,Tidak ada bukti dokumen
A0184,Marketing,SOP-04,Laporan Kinerja,Compliant,2025-05-29,Form tidak lengkap
A0185,HRD,SOP-05,Promosi Diskon,Non-Compliant,2025-05-29,SOP tidak ditemukan
A0186,Warehouse,SOP-03,Penanganan Keluhan,,2025-05-28,Tidak ada bukti dokumen
A0187,Customer Service,SOP-04,Laporan Kinerja,Non-Compliant,2025-05-28,SOP tidak ditemukan
A0188,Warehouse,SOP-03,Penanganan Keluhan,Compliant,2025-05-03,Tidak ada form pengecekan masuk
A0189,HRD,SOP-03,Penanganan Keluhan,Non-Compliant,2025-05-12,Form tidak lengkap
A0190,Warehouse,SOP-05,Promosi Diskon,Compliant,2025-05-16,
A0191,Warehouse,SOP-02,Proses Retur,Compliant,2025-05-20,
A0192,Customer Service,SOP-01,Barang Masuk,Compliant,2025-05-24,SOP tidak ditemukan
A0193,Marketing,SOP-05,Promosi Diskon,Non Compliant,2025-05-18,Iklan belum disetujui manajer
A0194,Customer Service,SOP-05,Promosi Diskon,Compliant,2025-05-14,Tidak ada form pengecekan masuk
A0195,Warehouse,SOP-05,Promosi Diskon,Compliant,2025-05-07,Form tidak lengkap
A0196,Customer Service,SOP-01,Barang Masuk,Compliant,2025-05-09,
A0197,HRD,SOP-04,Laporan Kinerja,Compliant,2025-05-07,Form tidak lengkap
A0198,Marketing,SOP-04,Laporan Kinerja,Non-Compliant,2025-05-10,-
A0199,Warehouse,SOP-03,Penanganan Keluhan,Compliant,2025-05-09,SOP tidak ditemukan
A0200,Customer Service,SOP-03,Penanganan Keluhan,Compliant,2025-05-30,Form tidak lengkap
A0201,Warehouse,SOP-01,Barang Masuk,Compliant,2025-05-26,-
A0202,Customer Service,SOP-04,Laporan Kinerja,Non Compliant,2025-05-15,Tidak ada form pengecekan masuk
A0203,Customer Service,SOP-03,Penanganan Keluhan,Compliant,2025-05-14,Tidak ada form pengecekan masuk
A0204,Finance,SOP-01,Barang Masuk,Non-Compliant,2025-05-19,Tidak ada bukti dokumen
A0205,Warehouse,SOP-04,Laporan Kinerja,Compliant,2025-05-13,Tidak ada bukti dokumen
A0206,Warehouse,SOP-02,Proses Retur,,2025-05-28,Form tidak lengkap
A0207,Finance,SOP-02,Proses Retur,Compliant,2025-05-14,Tidak ada bukti dokumen
A0208,Marketing,SOP-01,Barang Masuk,Non-Compliant,2025-05-31,
A0209,Marketing,SOP-02,Proses Retur,Compliant,2025-05-15,Tidak ada bukti dokumen
A0210,HRD,SOP-01,Barang Masuk,complient,2025-05-31,
A0211,HRD,SOP-05,Promosi Diskon,Compliant,2025-05-11,SOP tidak ditemukan
A0212,Marketing,SOP-01,Barang Masuk,Non-Compliant,2025-05-27,-
A0213,Customer Service,SOP-04,Laporan Kinerja,Non-Compliant,2025-05-07,Iklan belum disetujui manajer
A0214,Customer Service,SOP-02,Proses Retur,Compliant,2025-05-02,Tidak ada bukti dokumen
A0215,Marketing,SOP-03,Penanganan Keluhan,Non-Compliant,2025-05-07,-
A0216,Marketing,SOP-04,Laporan Kinerja,Compliant,2025-05-07,
A0217,Marketing,SOP-01,Barang Masuk,Compliant,2025-05-23,Form tidak lengkap
A0218,Customer Service,SOP-05,Promosi Diskon,Compliant,2025-05-25,Tidak ada form pengecekan masuk
A0219,HRD,SOP-03,Penanganan Keluhan,Compliant,2025-05-19,-
A0220,Customer Service,SOP-04,Laporan Kinerja,Compliant,2025-05-04,SOP tidak ditemukan
A0221,Finance,SOP-04,Laporan Kinerja,Compliant,2025-05-01,Form tidak lengkap
A0222,HRD,SOP-02,Proses Retur,Non Compliant,2025-05-29,Iklan belum disetujui manajer
A0223,Customer Service,SOP-01,Barang Masuk,Non-Compliant,2025-05-04,SOP tidak ditemukan
A0224,Customer Service,SOP-04,Laporan Kinerja,Non Compliant,2025-05-30,-
A0225,Warehouse,SOP-01,Barang Masuk,Compliant,2025-05-11,-
A0226,Finance,SOP-01,Barang Masuk,complient,2025-05-31,Form tidak lengkap
A0227,HRD,SOP-05,Promosi Diskon,Non-Compliant,2025-05-02,Iklan belum disetujui manajer
A0228,Customer Service,SOP-04,Laporan Kinerja,Compliant,2025-05-13,Iklan belum disetujui manajer
A0229,Marketing,SOP-01,Barang Masuk,Non-Compliant,2025-05-21,Tidak ada bukti dokumen
A0230,Finance,SOP-03,Penanganan Keluhan,Non-Compliant,2025-05-05,-
A0231,Customer Service,SOP-02,Proses Retur,Compliant,2025-05-05,-
A0232,Warehouse,SOP-04,Laporan Kinerja,,2025-05-07,-
A0233,Customer Service,SOP-01,Barang Masuk,Compliant,2025-05-05,Iklan belum disetujui manajer
A0234,HRD,SOP-03,Penanganan Keluhan,Compliant,2025-05-11,
A0235,Warehouse,SOP-05,Promosi Diskon,Compliant,2025-05-10,Iklan belum disetujui manajer
A0236,Customer Service,SOP-05,Promosi Diskon,Compliant,2025-05-12,Form tidak lengkap
A0237,Customer Service,SOP-05,Promosi Diskon,Compliant,2025-05-27,Tidak ada form pengecekan masuk
A0238,Marketing,SOP-04,Laporan Kinerja,Compliant,2025-05-28,-
A0239,Customer Service,SOP-05,Promosi Diskon,Compliant,2025-05-30,Tidak ada form pengecekan masuk
A0240,Marketing,SOP-05,Promosi Diskon,Non-Compliant,2025-05-05,
A0241,Warehouse,SOP-05,Promosi Diskon,Compliant,2025-05-09,Tidak ada form pengecekan masuk
A0242,Customer Service,SOP-04,Laporan Kinerja,complient,2025-05-27,Form tidak lengkap
A0243,Marketing,SOP-01,Barang Masuk,Compliant,2025-05-05,Tidak ada form pengecekan masuk
A0244,HRD,SOP-05,Promosi Diskon,Compliant,2025-05-15,Form tidak lengkap
A0245,Finance,SOP-05,Promosi Diskon,Non-Compliant,2025-05-09,SOP tidak ditemukan
A0246,HRD,SOP-02,Proses Retur,Compliant,2025-05-27,SOP tidak ditemukan
A0247,HRD,SOP-01,Barang Masuk,Non-Compliant,2025-05-04,Form tidak lengkap
A0248,Customer Service,SOP-04,Laporan Kinerja,Non-Compliant,2025-05-23,
A0249,HRD,SOP-03,Penanganan Keluhan,Compliant,2025-05-06,SOP tidak ditemukan
A0250,Marketing,SOP-03,Penanganan Keluhan,,2025-05-11,
A0251,Finance,SOP-05,Promosi Diskon,Compliant,2025-05-31,Iklan belum disetujui manajer
A0252,HRD,SOP-02,Proses Retur,,2025-05-20,Form tidak lengkap
A0253,Finance,SOP-03,Penanganan Keluhan,Non-Compliant,2025-05-26,Tidak ada bukti dokumen
A0254,Marketing,SOP-05,Promosi Diskon,Compliant,2025-05-27,-
A0255,Customer Service,SOP-03,Penanganan Keluhan,Non Compliant,2025-05-31,Tidak ada form pengecekan masuk
A0256,Finance,SOP-05,Promosi Diskon,Non Compliant,2025-05-21,Form tidak lengkap
A0257,Finance,SOP-01,Barang Masuk,Compliant,2025-05-25,Iklan belum disetujui manajer
A0258,Warehouse,SOP-01,Barang Masuk,Compliant,2025-05-13,Iklan belum disetujui manajer
A0259,Warehouse,SOP-02,Proses Retur,Compliant,2025-05-15,Iklan belum disetujui manajer
A0260,HRD,SOP-01,Barang Masuk,Compliant,2025-05-26,-
A0261,Customer Service,SOP-05,Promosi Diskon,Compliant,2025-05-06,
A0262,HRD,SOP-04,Laporan Kinerja,Non-Compliant,2025-05-20,Iklan belum disetujui manajer
A0263,Customer Service,SOP-01,Barang Masuk,Compliant,2025-05-16,Iklan belum disetujui manajer
A0264,Marketing,SOP-02,Proses Retur,Compliant,2025-05-08,Tidak ada bukti dokumen
A0265,Warehouse,SOP-02,Proses Retur,Compliant,2025-05-08,-
A0266,HRD,SOP-04,Laporan Kinerja,Compliant,2025-05-05,SOP tidak ditemukan
A0267,Customer Service,SOP-03,Penanganan Keluhan,Compliant,2025-05-23,-
A0268,Customer Service,SOP-03,Penanganan Keluhan,Non-Compliant,2025-05-18,-
A0269,Finance,SOP-02,Proses Retur,Non-Compliant,2025-05-19,SOP tidak ditemukan
A0270,Marketing,SOP-03,Penanganan Keluhan,complient,2025-05-26,Tidak ada form pengecekan masuk
A0271,Finance,SOP-01,Barang Masuk,Compliant,2025-05-12,SOP tidak ditemukan
A0272,HRD,SOP-01,Barang Masuk,Non-Compliant,2025-05-23,-
A0273,Finance,SOP-04,Laporan Kinerja,Compliant,2025-05-07,-
A0274,HRD,SOP-04,Laporan Kinerja,,2025-05-01,Tidak ada bukti dokumen
A0275,Finance,SOP-03,Penanganan Keluhan,Non-Compliant,2025-05-20,
A0276,Marketing,SOP-02,Proses Retur,Compliant,2025-05-18,SOP tidak ditemukan
A0277,Warehouse,SOP-04,Laporan Kinerja,Non-Compliant,2025-05-23,Tidak ada bukti dokumen
A0278,HRD,SOP-03,Penanganan Keluhan,Compliant,2025-05-31,Tidak ada bukti dokumen
A0279,Warehouse,SOP-04,Laporan Kinerja,Compliant,2025-05-16,-
A0280,Customer Service,SOP-02,Proses Retur,Compliant,2025-05-21,-
A0281,Finance,SOP-03,Penanganan Keluhan,Compliant,2025-05-18,-
A0282,Warehouse,SOP-05,Promosi Diskon,Compliant,2025-05-30,Tidak ada bukti dokumen
A0283,Finance,SOP-02,Proses Retur,Non-Compliant,2025-05-22,
A0284,Marketing,SOP-03,Penanganan Keluhan,Compliant,2025-05-28,Iklan belum disetujui manajer
A0285,Marketing,SOP-01,Barang Masuk,Compliant,2025-05-05,Form tidak lengkap
A0286,Finance,SOP-03,Penanganan Keluhan,Compliant,2025-05-31,-
A0287,Warehouse,SOP-03,Penanganan Keluhan,Non-Compliant,2025-05-25,
A0288,Marketing,SOP-03,Penanganan Keluhan,Compliant,2025-05-07,Iklan belum disetujui manajer
A0289,Warehouse,SOP-05,Promosi Diskon,Compliant,2025-05-01,Tidak ada form pengecekan masuk
A0290,HRD,SOP-01,Barang Masuk,,2025-05-07,Form tidak lengkap
A0291,Finance,SOP-01,Barang Masuk,Compliant,2025-05-25,Iklan belum disetujui manajer
A0292,HRD,SOP-03,Penanganan Keluhan,Non-Compliant,2025-05-31,Tidak ada form pengecekan masuk
A0293,Marketing,SOP-04,Laporan Kinerja,Compliant,2025-05-08,SOP tidak ditemukan
A0294,Marketing,SOP-04,Laporan Kinerja,Compliant,2025-05-02,SOP tidak ditemukan
A0295,Warehouse,SOP-04,Laporan Kinerja,Compliant,2025-05-19,Tidak ada form pengecekan masuk
A0296,HRD,SOP-02,Proses Retur,Compliant,2025-05-13,Form tidak lengkap
A0297,Finance,SOP-03,Penanganan Keluhan,Compliant,2025-05-08,Tidak ada form pengecekan masuk
A0298,Marketing,SOP-05,Promosi Diskon,Non-Compliant,2025-05-22,Iklan belum disetujui manajer
A0299,Customer Service,SOP-05,Promosi Diskon,Non-Compliant,2025-05-11,Tidak ada bukti dokumen
A0300,Customer Service,SOP-02,Proses Retur,Compliant,2025-05-10,SOP tidak ditemukan
A0301,Customer Service,SOP-05,Promosi Diskon,Compliant,2025-05-07,Form tidak lengkap
A0302,Finance,SOP-02,Proses Retur,Compliant,2025-05-11,Form tidak lengkap
A0303,Marketing,SOP-05,Promosi Diskon,Compliant,2025-05-14,Tidak ada form pengecekan masuk
A0304,Marketing,SOP-04,Laporan Kinerja,Compliant,2025-05-20,-
A0305,Marketing,SOP-02,Proses Retur,Compliant,2025-05-07,
A0306,Finance,SOP-03,Penanganan Keluhan,Compliant,2025-05-13,Tidak ada form pengecekan masuk
A0307,Finance,SOP-05,Promosi Diskon,,2025-05-01,
A0308,Marketing,SOP-02,Proses Retur,Non-Compliant,2025-05-02,Tidak ada bukti dokumen
A0309,Warehouse,SOP-04,Laporan Kinerja,Non-Compliant,2025-05-20,Iklan belum disetujui manajer
A0310,Marketing,SOP-04,Laporan Kinerja,Compliant,2025-05-06,-
A0311,HRD,SOP-05,Promosi Diskon,Compliant,2025-05-13,Tidak ada form pengecekan masuk
A0312,HRD,SOP-03,Penanganan Keluhan,Compliant,2025-05-27,Iklan belum disetujui manajer
A0313,Customer Service,SOP-01,Barang Masuk,Compliant,2025-05-18,Form tidak lengkap
A0314,HRD,SOP-05,Promosi Diskon,Compliant,2025-05-02,Iklan belum disetujui manajer
A0315,Customer Service,SOP-01,Barang Masuk,Compliant,2025-05-02,
A0316,HRD,SOP-04,Laporan Kinerja,Non-Compliant,2025-05-05,Tidak ada form pengecekan masuk
A0317,Marketing,SOP-03,Penanganan Keluhan,Compliant,2025-05-03,-
A0318,Marketing,SOP-05,Promosi Diskon,Compliant,2025-05-08,Form tidak lengkap
A0319,Customer Service,SOP-01,Barang Masuk,Compliant,2025-05-30,
A0320,Customer Service,SOP-05,Promosi Diskon,Non-Compliant,2025-05-29,
A0321,Finance,SOP-04,Laporan Kinerja,Compliant,2025-05-23,Tidak ada form pengecekan masuk
A0322,Customer Service,SOP-02,Proses Retur,Compliant,2025-05-12,Iklan belum disetujui manajer
A0323,Marketing,SOP-02,Proses Retur,Compliant,2025-05-13,Tidak ada form pengecekan masuk
A0324,HRD,SOP-04,Laporan Kinerja,Non-Compliant,2025-05-29,Tidak ada bukti dokumen
A0325,HRD,SOP-04,Laporan Kinerja,Non-Compliant,2025-05-17,-
A0326,Marketing,SOP-05,Promosi Diskon,Non Compliant,2025-05-15,-
A0327,Warehouse,SOP-02,Proses Retur,Compliant,2025-05-24,-
A0328,Marketing,SOP-04,Laporan Kinerja,Non-Compliant,2025-05-13,Form tidak lengkap
A0329,Warehouse,SOP-05,Promosi Diskon,Compliant,2025-05-18,
A0330,Marketing,SOP-05,Promosi Diskon,Compliant,2025-05-08,Iklan belum disetujui manajer
A0331,Finance,SOP-02,Proses Retur,,2025-05-28,Form tidak lengkap
A0332,Finance,SOP-04,Laporan Kinerja,Non-Compliant,2025-05-15,Tidak ada form pengecekan masuk
A0333,Finance,SOP-03,Penanganan Keluhan,Non-Compliant,2025-05-31,-
A0334,Warehouse,SOP-04,Laporan Kinerja,Compliant,2025-05-28,Iklan belum disetujui manajer
A0335,Marketing,SOP-02,Proses Retur,Compliant,2025-05-04,Tidak ada form pengecekan masuk
A0336,HRD,SOP-03,Penanganan Keluhan,Compliant,2025-05-29,Tidak ada bukti dokumen
A0337,Customer Service,SOP-01,Barang Masuk,Compliant,2025-05-09,Iklan belum disetujui manajer
A0338,HRD,SOP-03,Penanganan Keluhan,Non-Compliant,2025-05-10,
A0339,Customer Service,SOP-01,Barang Masuk,Compliant,2025-05-16,Tidak ada bukti dokumen
A0340,Warehouse,SOP-01,Barang Masuk,Compliant,2025-05-01,-
A0341,Marketing,SOP-04,Laporan Kinerja,Non Compliant,2025-05-07,-
A0342,HRD,SOP-01,Barang Masuk,Compliant,2025-05-27,
A0343,Marketing,SOP-03,Penanganan Keluhan,complient,2025-05-18,Tidak ada bukti dokumen
A0344,Customer Service,SOP-01,Barang Masuk,Non-Compliant,2025-05-30,Tidak ada form pengecekan masuk
A0345,Marketing,SOP-03,Penanganan Keluhan,Compliant,2025-05-06,SOP tidak ditemukan
A0346,Finance,SOP-03,Penanganan Keluhan,Compliant,2025-05-22,Tidak ada bukti dokumen
A0347,HRD,SOP-03,Penanganan Keluhan,Non-Compliant,2025-05-26,Tidak ada bukti dokumen
A0348,Finance,SOP-04,Laporan Kinerja,Non-Compliant,2025-05-15,Tidak ada form pengecekan masuk
A0349,HRD,SOP-05,Promosi Diskon,Compliant,2025-05-30,Iklan belum disetujui manajer
A0350,Customer Service,SOP-01,Barang Masuk,Compliant,2025-05-22,Tidak ada bukti dokumen
A0351,Warehouse,SOP-02,Proses Retur,Compliant,2025-05-15,Iklan belum disetujui manajer
A0352,Finance,SOP-03,Penanganan Keluhan,Non-Compliant,2025-05-23,Tidak ada form pengecekan masuk
A0353,HRD,SOP-03,Penanganan Keluhan,Compliant,2025-05-16,Tidak ada form pengecekan masuk
A0354,HRD,SOP-03,Penanganan Keluhan,Compliant,2025-05-31,Tidak ada form pengecekan masuk
A0355,Customer Service,SOP-01,Barang Masuk,Compliant,2025-05-26,
A0356,Finance,SOP-04,Laporan Kinerja,Non-Compliant,2025-05-03,Iklan belum disetujui manajer
A0357,Customer Service,SOP-04,Laporan Kinerja,Compliant,2025-05-08,Iklan belum disetujui manajer
A0358,Marketing,SOP-04,Laporan Kinerja,,2025-05-07,-
A0359,Customer Service,SOP-04,Laporan Kinerja,Non-Compliant,2025-05-03,Tidak ada bukti dokumen
A0360,Finance,SOP-03,Penanganan Keluhan,Compliant,2025-05-28,Iklan belum disetujui manajer
A0361,Customer Service,SOP-01,Barang Masuk,Compliant,2025-05-28,Form tidak lengkap
A0362,Customer Service,SOP-04,Laporan Kinerja,Compliant,2025-05-24,SOP tidak ditemukan
A0363,Warehouse,SOP-02,Proses Retur,Compliant,2025-05-03,Iklan belum disetujui manajer
A0364,Warehouse,SOP-03,Penanganan Keluhan,Compliant,2025-05-17,Tidak ada bukti dokumen
A0365,Warehouse,SOP-05,Promosi Diskon,Compliant,2025-05-31,Form tidak lengkap
A0366,HRD,SOP-03,Penanganan Keluhan,Non-Compliant,2025-05-24,
A0367,HRD,SOP-04,Laporan Kinerja,Compliant,2025-05-17,Tidak ada form pengecekan masuk
A0368,HRD,SOP-03,Penanganan Keluhan,Non-Compliant,2025-05-04,-
A0369,HRD,SOP-01,Barang Masuk,complient,2025-05-10,SOP tidak ditemukan
A0370,HRD,SOP-04,Laporan Kinerja,Compliant,2025-05-31,
A0371,Customer Service,SOP-04,Laporan Kinerja,Compliant,2025-05-27,-
A0372,Warehouse,SOP-04,Laporan Kinerja,Compliant,2025-05-14,Iklan belum disetujui manajer
A0373,Customer Service,SOP-03,Penanganan Keluhan,Non-Compliant,2025-05-29,SOP tidak ditemukan
A0374,Finance,SOP-03,Penanganan Keluhan,Compliant,2025-05-03,Tidak ada form pengecekan masuk
A0375,Marketing,SOP-04,Laporan Kinerja,Compliant,2025-05-12,Tidak ada form pengecekan masuk
A0376,Marketing,SOP-05,Promosi Diskon,Non-Compliant,2025-05-21,
A0377,Warehouse,SOP-03,Penanganan Keluhan,Compliant,2025-05-22,Tidak ada form pengecekan masuk
A0378,HRD,SOP-02,Proses Retur,Non-Compliant,2025-05-30,Form tidak lengkap
A0379,Customer Service,SOP-05,Promosi Diskon,Non-Compliant,2025-05-05,
A0380,Finance,SOP-05,Promosi Diskon,Non-Compliant,2025-05-03,SOP tidak ditemukan
A0381,Marketing,SOP-05,Promosi Diskon,Compliant,2025-05-12,SOP tidak ditemukan
A0382,HRD,SOP-01,Barang Masuk,Compliant,2025-05-02,-
A0383,Marketing,SOP-02,Proses Retur,Non-Compliant,2025-05-28,
A0384,Finance,SOP-05,Promosi Diskon,Compliant,2025-05-29,Tidak ada bukti dokumen
A0385,Marketing,SOP-04,Laporan Kinerja,Compliant,2025-05-30,Form tidak lengkap
A0386,Customer Service,SOP-03,Penanganan Keluhan,complient,2025-05-26,-
A0387,Finance,SOP-03,Penanganan Keluhan,Compliant,2025-05-05,-
A0388,Finance,SOP-02,Proses Retur,Compliant,2025-05-09,Iklan belum disetujui manajer
A0389,Customer Service,SOP-05,Promosi Diskon,Compliant,2025-05-24,
A0390,Warehouse,SOP-01,Barang Masuk,Non-Compliant,2025-05-21,Tidak ada bukti dokumen
A0391,Customer Service,SOP-05,Promosi Diskon,Compliant,2025-05-05,
A0392,Customer Service,SOP-03,Penanganan Keluhan,Non-Compliant,2025-05-28,
A0393,Finance,SOP-05,Promosi Diskon,Compliant,2025-05-21,Form tidak lengkap
A0394,Warehouse,SOP-01,Barang Masuk,complient,2025-05-19,Iklan belum disetujui manajer
A0395,Warehouse,SOP-05,Promosi Diskon,Compliant,2025-05-17,Iklan belum disetujui manajer
A0396,Warehouse,SOP-04,Laporan Kinerja,,2025-05-22,
A0397,Customer Service,SOP-02,Proses Retur,Compliant,2025-05-19,Tidak ada form pengecekan masuk
A0398,Marketing,SOP-02,Proses Retur,Compliant,2025-05-12,Tidak ada form pengecekan masuk
A0399,Marketing,SOP-02,Proses Retur,Compliant,2025-05-29,-
A0400,Customer Service,SOP-03,Penanganan Keluhan,Non-Compliant,2025-05-29,Iklan belum disetujui manajer
A0401,Warehouse,SOP-01,Barang Masuk,Non Compliant,2025-05-31,Form tidak lengkap
A0402,Warehouse,SOP-01,Barang Masuk,Non-Compliant,2025-05-14,Tidak ada bukti dokumen
A0403,Customer Service,SOP-02,Proses Retur,Compliant,2025-05-06,Form tidak lengkap
A0404,HRD,SOP-04,Laporan Kinerja,Compliant,2025-05-09,
A0405,Customer Service,SOP-01,Barang Masuk,Compliant,2025-05-01,Tidak ada form pengecekan masuk
A0406,Marketing,SOP-04,Laporan Kinerja,Compliant,2025-05-13,Form tidak lengkap
A0407,Marketing,SOP-03,Penanganan Keluhan,Compliant,2025-05-19,
A0408,Marketing,SOP-05,Promosi Diskon,Compliant,2025-05-30,Tidak ada form pengecekan masuk
A0409,Finance,SOP-02,Proses Retur,Non-Compliant,2025-05-12,Iklan belum disetujui manajer
A0410,Customer Service,SOP-05,Promosi Diskon,Compliant,2025-05-13,
A0411,HRD,SOP-01,Barang Masuk,,2025-05-14,-
A0412,Customer Service,SOP-04,Laporan Kinerja,Compliant,2025-05-16,-
A0413,Finance,SOP-04,Laporan Kinerja,Non-Compliant,2025-05-06,
A0414,Marketing,SOP-04,Laporan Kinerja,Compliant,2025-05-30,Tidak ada bukti dokumen
A0415,Customer Service,SOP-02,Proses Retur,Non-Compliant,2025-05-28,Form tidak lengkap
A0416,HRD,SOP-01,Barang Masuk,complient,2025-05-28,SOP tidak ditemukan
A0417,Customer Service,SOP-04,Laporan Kinerja,Non-Compliant,2025-05-18,Tidak ada bukti dokumen
A0418,Warehouse,SOP-05,Promosi Diskon,Compliant,2025-05-15,
A0419,Finance,SOP-02,Proses Retur,complient,2025-05-26,SOP tidak ditemukan
A0420,Marketing,SOP-04,Laporan Kinerja,Non-Compliant,2025-05-14,Iklan belum disetujui manajer
A0421,Customer Service,SOP-03,Penanganan Keluhan,Non-Compliant,2025-05-15,
A0422,Finance,SOP-03,Penanganan Keluhan,Compliant,2025-05-18,-
A0423,Marketing,SOP-02,Proses Retur,Compliant,2025-05-17,Form tidak lengkap
A0424,Marketing,SOP-01,Barang Masuk,Compliant,2025-05-10,-
A0425,Finance,SOP-04,Laporan Kinerja,Compliant,2025-05-19,
A0426,Marketing,SOP-04,Laporan Kinerja,Compliant,2025-05-06,Iklan belum disetujui manajer
A0427,Finance,SOP-01,Barang Masuk,complient,2025-05-05,Tidak ada form pengecekan masuk
A0428,Finance,SOP-04,Laporan Kinerja,Compliant,2025-05-26,-
A0429,Marketing,SOP-05,Promosi Diskon,Compliant,2025-05-11,
A0430,Customer Service,SOP-01,Barang Masuk,Compliant,2025-05-01,Tidak ada form pengecekan masuk
A0431,Marketing,SOP-01,Barang Masuk,Compliant,2025-05-29,Tidak ada bukti dokumen
A0432,HRD,SOP-02,Proses Retur,,2025-05-17,Tidak ada form pengecekan masuk
A0433,Finance,SOP-03,Penanganan Keluhan,Compliant,2025-05-03,SOP tidak ditemukan
A0434,Marketing,SOP-02,Proses Retur,Compliant,2025-05-21,Form tidak lengkap
A0435,Marketing,SOP-03,Penanganan Keluhan,Compliant,2025-05-28,Tidak ada form pengecekan masuk
A0436,Marketing,SOP-03,Penanganan Keluhan,Compliant,2025-05-30,Iklan belum disetujui manajer
A0437,Finance,SOP-03,Penanganan Keluhan,Non-Compliant,2025-05-19,
A0438,Customer Service,SOP-01,Barang Masuk,Compliant,2025-05-11,Tidak ada bukti dokumen
A0439,Warehouse,SOP-04,Laporan Kinerja,,2025-05-21,
A0440,Customer Service,SOP-04,Laporan Kinerja,Compliant,2025-05-19,SOP tidak ditemukan
A0441,Finance,SOP-02,Proses Retur,Non-Compliant,2025-05-18,Iklan belum disetujui manajer
A0442,Customer Service,SOP-05,Promosi Diskon,Compliant,2025-05-26,Iklan belum disetujui manajer
A0443,Customer Service,SOP-04,Laporan Kinerja,Compliant,2025-05-08,Iklan belum disetujui manajer
A0444,HRD,SOP-02,Proses Retur,,2025-05-23,Iklan belum disetujui manajer
A0445,Marketing,SOP-01,Barang Masuk,Compliant,2025-05-17,Form tidak lengkap
A0446,Finance,SOP-01,Barang Masuk,Compliant,2025-05-17,SOP tidak ditemukan
A0447,Customer Service,SOP-05,Promosi Diskon,Non Compliant,2025-05-03,SOP tidak ditemukan
A0448,Finance,SOP-04,Laporan Kinerja,Non-Compliant,2025-05-31,Tidak ada bukti dokumen
A0449,Customer Service,SOP-03,Penanganan Keluhan,Compliant,2025-05-16,SOP tidak ditemukan
A0450,Warehouse,SOP-03,Penanganan Keluhan,Compliant,2025-05-14,Tidak ada bukti dokumen
A0451,Marketing,SOP-01,Barang Masuk,Non-Compliant,2025-05-30,Tidak ada bukti dokumen
A0452,Finance,SOP-03,Penanganan Keluhan,Compliant,2025-05-11,SOP tidak ditemukan
A0453,Customer Service,SOP-01,Barang Masuk,Compliant,2025-05-22,-
A0454,Marketing,SOP-03,Penanganan Keluhan,Compliant,2025-05-29,-
A0455,HRD,SOP-05,Promosi Diskon,Compliant,2025-05-22,
A0456,Finance,SOP-04,Laporan Kinerja,Compliant,2025-05-01,Tidak ada form pengecekan masuk
A0457,Customer Service,SOP-04,Laporan Kinerja,Non-Compliant,2025-05-19,Tidak ada form pengecekan masuk
A0458,Finance,SOP-05,Promosi Diskon,Compliant,2025-05-03,Form tidak lengkap
A0459,Finance,SOP-02,Proses Retur,Non-Compliant,2025-05-19,Form tidak lengkap
A0460,HRD,SOP-04,Laporan Kinerja,Compliant,2025-05-27,SOP tidak ditemukan
A0461,HRD,SOP-04,Laporan Kinerja,Non-Compliant,2025-05-30,Tidak ada form pengecekan masuk
A0462,Customer Service,SOP-03,Penanganan Keluhan,Compliant,2025-05-06,SOP tidak ditemukan
A0463,Finance,SOP-01,Barang Masuk,Compliant,2025-05-19,Iklan belum disetujui manajer
A0464,HRD,SOP-05,Promosi Diskon,Compliant,2025-05-15,SOP tidak ditemukan
A0465,Marketing,SOP-05,Promosi Diskon,Non-Compliant,2025-05-05,Iklan belum disetujui manajer
A0466,Customer Service,SOP-02,Proses Retur,Compliant,2025-05-20,Iklan belum disetujui manajer
A0467,Finance,SOP-03,Penanganan Keluhan,complient,2025-05-02,Tidak ada form pengecekan masuk
A0468,Marketing,SOP-02,Proses Retur,Non-Compliant,2025-05-03,Form tidak lengkap
A0469,Marketing,SOP-04,Laporan Kinerja,Non-Compliant,2025-05-24,-
A0470,Marketing,SOP-05,Promosi Diskon,Non Compliant,2025-05-09,
A0471,Marketing,SOP-05,Promosi Diskon,Non-Compliant,2025-05-05,-
A0472,Customer Service,SOP-03,Penanganan Keluhan,complient,2025-05-24,Form tidak lengkap
A0473,Customer Service,SOP-05,Promosi Diskon,,2025-05-29,
A0474,Marketing,SOP-01,Barang Masuk,Non Compliant,2025-05-23,Form tidak lengkap
A0475,HRD,SOP-04,Laporan Kinerja,Compliant,2025-05-06,SOP tidak ditemukan
A0476,Marketing,SOP-02,Proses Retur,Compliant,2025-05-05,Tidak ada bukti dokumen
A0477,Marketing,SOP-01,Barang Masuk,Compliant,2025-05-02,
A0478,Marketing,SOP-03,Penanganan Keluhan,Compliant,2025-05-10,Tidak ada form pengecekan masuk
A0479,Finance,SOP-02,Proses Retur,Non-Compliant,2025-05-14,
A0480,HRD,SOP-01,Barang Masuk,complient,2025-05-17,SOP tidak ditemukan
A0481,Customer Service,SOP-01,Barang Masuk,Compliant,2025-05-27,Tidak ada form pengecekan masuk
A0482,HRD,SOP-05,Promosi Diskon,Compliant,2025-05-22,SOP tidak ditemukan
A0483,HRD,SOP-02,Proses Retur,Compliant,2025-05-17,
A0484,Customer Service,SOP-03,Penanganan Keluhan,Compliant,2025-05-17,SOP tidak ditemukan
A0485,Finance,SOP-05,Promosi Diskon,Compliant,2025-05-04,
A0486,Customer Service,SOP-04,Laporan Kinerja,Non-Compliant,2025-05-12,Iklan belum disetujui manajer
A0487,Marketing,SOP-03,Penanganan Keluhan,Non-Compliant,2025-05-25,SOP tidak ditemukan
A0488,Marketing,SOP-04,Laporan Kinerja,Compliant,2025-05-01,Tidak ada form pengecekan masuk
A0489,HRD,SOP-02,Proses Retur,complient,2025-05-17,
A0490,Warehouse,SOP-02,Proses Retur,Compliant,2025-05-17,Iklan belum disetujui manajer
A0491,Finance,SOP-04,Laporan Kinerja,Compliant,2025-05-21,Tidak ada bukti dokumen
A0492,HRD,SOP-02,Proses Retur,Non-Compliant,2025-05-27,
A0493,Marketing,SOP-05,Promosi Diskon,Non-Compliant,2025-05-15,Iklan belum disetujui manajer
A0494,HRD,SOP-03,Penanganan Keluhan,Compliant,2025-05-15,Tidak ada form pengecekan masuk
A0495,HRD,SOP-01,Barang Masuk,Non-Compliant,2025-05-31,-
A0496,Marketing,SOP-02,Proses Retur,Non Compliant,2025-05-09,Tidak ada bukti dokumen
A0497,Customer Service,SOP-02,Proses Retur,Compliant,2025-05-05,SOP tidak ditemukan
A0498,Marketing,SOP-02,Proses Retur,complient,2025-05-18,SOP tidak ditemukan
A0499,Finance,SOP-01,Barang Masuk,Compliant,2025-05-28,
A0500,Marketing,SOP-05,Promosi Diskon,Compliant,2025-05-10,SOP tidak ditemukan
